,Image,Temperature
0,FLIR0275,23.953071305699495
1,FLIR0276,24.84270381380213
2,FLIR0277,24.587574631280802
3,FLIR0278,23.891852732870746
4,FLIR0281,22.63485979193689
